sequence,length,aromatic_content,total_score,hydrophobic,electrostatic,aromatic_stacking,hydrogen_bonding,entropy_penalty,total_energy
DFYWGVFPEVQGFQGEWKWAPQLFCTYIRPSEKEMFPGERGMIYMITGWEPIYLFWPGDY,60,0.26666666666666666,1.7939279963437924e-80,17.42060000000001,-3.1060220157714324,34.31763621989464,62.881643324113874,-2.0565449999999994,109.45731252823708
GWNTGVFPINQGGHRTWIGFPPAGRASWVYSSKLWFREERFYHKLISQMKYMAWLDPLFY,60,0.23333333333333334,4.195859763841687e-90,17.130800000000008,-0.749048602395967,28.497856156272675,79.99056212225783,-2.1936479999999996,122.67652167613454
WAWGYYQQLVAIFRMTWICSQPAWINGIRLFPGLFTWYWPGMIFSIWGLEPIYFFIKVWE,60,0.3,2.1082881969018502e-91,37.18170000000001,-1.0781422771594227,42.954017835569054,47.26159818499715,-1.8598319999999997,124.4593417434068
GSNFFYFKQRIGCKDFQLKAPKYLINHIAYYFFGCNPFFAGPHGLCADMPIGWLWWPVDY,60,0.26666666666666666,1.8923609460362783e-93,27.912600000000026,1.69193883453196,41.174440142638595,58.5285759806776,-2.038662,127.2688929578482
GSYFGVFVESQGNYGWWKSAPCKGLNIIFMWDSSWHPWLPAQDDTIGQMPCPFFWIRHWH,60,0.23333333333333334,1.1059126768405578e-95,17.188000000000013,0.534532100223166,38.27776300384204,76.40836546875965,-2.0744279999999997,130.33423257282487
WRWDGSQAFVAYFRWTWICFQPAWIVGIRLMPYAFTWYYPGMIIMIWGLEIFQLFRPVDY,60,0.3,1.397209896877723e-96,36.88109999999999,-2.28672238491304,47.758522220171166,51.08032473354503,-1.865793,131.56743156880316
GYWGGFFPTNTWPQWEWFWAPCKGINIIFMYDSDEPFYFYWGSGVWAIEMTGKKPDYYFG,60,0.3333333333333333,1.470548160193014e-97,12.497099999999994,0.7132638255915187,45.63599245124962,76.15546203450407,-2.092311,132.9095073113452
GFYWMVFLEVQGFQGFWKWAPWLFCTYIRPMEKFMFNGEPYMIWYITGWEPGYLFWPKDY,60,0.35,7.972024944965033e-100,21.718800000000016,-3.0247406598742757,59.52393828940555,59.72703580526546,-1.925403,136.01963043479677
PFYGGVFPINQGWHRTWIGFPAAGSWSIRYRMWGCHPWAFWTFCTIFQMPCPGLFPYLSY,60,0.2833333333333333,6.946848256321213e-100,20.7556,1.7598561844072682,53.04299464888658,62.456714042495626,-1.9134810000000002,136.1016838757895
WAWGYWQALSPIPKWFQMYWDPYGFKKIAERMKGCHPWFMATFDTIFQMAWPGLYPYRSY,60,0.3,1.943141824726444e-100,13.85960000000001,-0.7342982239414002,51.37345093442957,74.3950527806812,-2.0327010000000003,136.86110449116936
FANGWRQAPVWWPKCLQLLAPPWWPNYIAFYFFGQDKYFAWPRGLCAFWWIYYCMLASFY,60,0.35,1.543829510823023e-100,26.080900000000007,-0.5319635604159729,54.711464001760596,58.58574097449552,-1.84791,136.99823141584014
GYYLGVFPINQGQHYTWIGFPWAGDAHIRYSSKLWFREERMRFKLISQMKSMFWLNPRFY,60,0.25,5.192149387381769e-101,19.0575,1.2401417519772817,34.216668514488745,85.34502432611636,-2.211531,137.6478035925824
YFYGGASRFSPGPKWPQMYNFPSGLEHIFMYCSWWPHYNFAGSGVYPSFYTNQKVAFWGW,60,0.31666666666666665,4.95587608591508e-103,10.7798,0.06122322155065034,55.03450534922694,76.64941260647772,-2.104233,140.4207081772553
GYYGGVFPINQGQHFTWIGWPRAGRAQIRYSSKLWFREQRFYHKLISQMKYMFWLDPLFY,60,0.26666666666666666,1.0215221050409484e-106,17.887100000000004,5.0624847085468465,34.69727718258079,90.04449912667559,-2.211531,145.4798300178032
QWYWQAWFQPWLTQGHWKWAPQLFCTYIRWSEKGMFNGEPGMIVMITGWEPIYLFWPKDY,60,0.2833333333333333,4.5676594360936693e-107,15.0334,-2.6230807711421504,49.446712059592045,86.09952147684858,-1.996935,145.95961776529847
WAWGYYQALDYIFRWTWICSPPYGRRYIPERFFGRAKFFAWCGRWGADIPTYWQMIEPFY,60,0.3333333333333333,8.274277494709429e-109,16.429800000000004,0.8758878558313072,50.6897175140551,82.39980411677419,-2.044623,148.3505864866606
GSYFGYFKQRIGQKDFQVKAPKYLINHIADYFFYYNKWFAGFHGLCADMPPIYPFIKVFE,60,0.2833333333333333,3.6216229515365124e-110,27.056499999999993,-0.14729003677641506,59.858625183667655,65.5759146299008,-2.128077,150.21567277679205
YWEGGFFELCWWPKCLDSLAPPWYINGIAFYFFGCRFYNPAGSFWWWIQRTNQKPYFTYW,60,0.36666666666666664,1.0918215166562536e-110,17.143900000000002,0.01258477618334386,50.845409381759225,84.8956771290919,-1.9671300000000003,150.93044128703445
GYYGGVFPENQGFEGEWYCAPCKGYHIIFMYDSWWPHYNFAGSGVWASEYTNQKWAFVGW,60,0.3,4.5473514911157614e-113,11.541999999999998,0.694408399810081,57.176755604695344,87.00202779123461,-2.2174919999999996,154.19769979574005
WAWDGYQALKAIFRWTWDCSPPYGFFYIPERMKGCRPWFFATFDWPSWMYCPFFYIRVWT,60,0.35,1.1148574668513153e-113,18.49640000000001,-1.4186134177980674,58.78808975507907,81.07735181224136,-1.9075199999999999,155.03570814952238
YYWQGVFFYNQVPKCQAMYWRPYWFPYIAERMKYCRPDTSWGFDTIRWMPEFFCMIKVWH,60,0.31666666666666665,6.695660019208311e-115,17.9709,-2.5045508371048557,49.000621546587375,94.17063425026545,-1.925403,156.712201959748
WFWDGQFALVAIFIWYWICSQPAWINGARLFYFGQAKFFAWPFGWGHDISYYYQMRESFQ,60,0.35,7.103458189609471e-116,26.66229999999998,-1.4082568054436848,61.220565843177596,73.66723216668935,-2.092311,158.04953020442326
YTYDPAFEWCCGNKFYQMYWREYGFYKFAERMYGCTPVEFPFSWDIGQMMFPFYFDQTFG,60,0.35,6.413820354714301e-116,14.566000000000013,-2.1151392454887827,62.855030619792984,84.91471052132927,-2.110194,158.11040789563347
WAFGIYQAPYAGHQGYWKYFPCLGWQHIRYFVKGCKGGRYFYAYLCFQMFQFRKPDPLFH,60,0.31666666666666665,1.0036837432163721e-117,19.227299999999996,4.77949055356024,62.7139638880072,75.97805166397258,-2.110194,160.58861210554002
GVYGGVFPENQGFWWEWVCAPCYFFEKIQERYKRRHPWFFATFDTIYQMPCFGLFPYLLY,60,0.31666666666666665,8.402448780628447e-118,24.16650000000002,0.9526525633855428,53.46397404602973,84.07856564426714,-1.9671300000000003,160.69456225368245
YYMQGFFNYNQMFQHRVKLWPGWWIYGAAFYFFGQAKYFWWPGGLFYWISIYVCMREVGW,60,0.38333333333333336,2.7871212019069935e-120,23.1301,0.5152449016080896,77.98654269516618,64.48640026977994,-2.0207789999999997,164.0975088665542
YYYQGVFNYNQMYQHWWKLAPFWWIKGAAFYFFGQYLFFAYPGGLFADIWIYVEMRESFY,60,0.4,4.6442900162293554e-121,24.251799999999992,-0.8002181071077062,77.84260141096605,65.934016425392,-2.062506,165.16569372925034
WAWDGYQALVAIFRYTWICSQPAWINGIRLWPYYFTWYWPGFIYMIYGLEPIYFFIKHWE,60,0.35,5.607013567581615e-122,28.37430000000002,-1.4410792855742898,73.9133849143153,67.45111992016261,-1.871754,166.42597154890365
FYWQSYQDYNWGWGLDFMFAWIFYYYFIGNIIKFVRPGFPGMIIFIFQMPWPGLFPYLSY,60,0.38333333333333336,7.150622666475596e-124,32.63790000000002,0.7769240345710935,80.85521673637945,56.615944411166424,-1.8598319999999997,169.02615318211699
YFYGGAFRFVAIFRWTWICSPPYGFFYIPERIKGCRNWFFATFDYPFQYPCPFFYFRVWH,60,0.4,2.374844124401389e-125,27.419099999999982,0.5171529938309726,83.2249014886049,61.7544634112156,-1.8598319999999997,171.05578589365143
FYKRFWHWWGFYAFNGWICVPFAWINGIAFYMKGCRPWFPATFDYPSQMPCPWFYIRVWY,60,0.38333333333333336,1.5421407089280741e-128,23.44120000000001,2.0056605333843343,84.60558124452463,67.19057334140403,-1.812144,175.430871119313
YFYFGAFRFSPGPKWFQMYWDPYGFEKIAEFSKYWFREERFYHKLQRQMKYMFWLDPLFY,60,0.38333333333333336,2.5102217880250827e-129,14.84440000000002,-2.7510137065895175,68.0337853377666,98.53181078700783,-2.1459599999999996,176.51302241818493
WAWDGYQALVAIFRWTWICSWPAWINGIFLFPHLFTWYWNRMIYMWFYLRPIYFFDPTFW,60,0.38333333333333336,1.2771273002437297e-130,32.436200000000014,-0.5530578316776052,79.84439578400938,68.3372526953428,-1.776378,178.2884126476746
YWEGWAFFQHQMFQHRWKLAPPWWINWAAFYFFGQAKFFAWWGGLFAFFWIYVCMRESEY,60,0.4,1.0871569996694435e-130,23.80419999999999,0.006726365903611864,96.59835654842587,60.02571398560459,-2.0505839999999997,178.3844128999341
KPWWGLFNYFQIYNWKWKCAPETKWNKNWALPSVCFPGFYFFFQSIGYFYSGFMRIKVWE,60,0.35,3.418807251715414e-131,20.1649,0.9878454636977808,68.64092857317202,91.2891997461501,-2.008857,179.0740167830199
GFYWGVFTEVQGFKKYQGYYYYYGCNIWAMFYFMFTVYWPGFIWMYWGLEPINYFWPVDY,60,0.43333333333333335,7.258161128468048e-136,20.967300000000005,0.2334579425550759,90.11336672337762,76.08746317724274,-1.9134810000000002,185.48810684317544
CYKWFWHWWAPFAGGGWFCIPVAWINGYAFYFFGRAKFFAWCGRWGKDYPTYWQMIEYFY,60,0.4166666666666667,3.7148424527880814e-136,18.95429999999999,0.8264337591422288,91.96003001147105,76.15546203450408,-2.008857,185.88736880511735
DYYGCYFKYRIGQKDESWKAWWYLHYQIADYFFMEYGFYFGPGGYWGQMWIVFFKQPLFG,60,0.38333333333333336,2.826235039903674e-138,15.639100000000001,-1.8616143969711083,85.39110865712733,91.80264975916425,-2.1757649999999993,188.79547901932045
YYDGGFWPCNQGGQGEPCFKPCPGWWYFRWSEWGCNHGEFFYFWHMAIYMYTQKYIIHYY,60,0.35,2.838260280847407e-139,9.817800000000004,-1.7436573691201755,83.6684759247093,100.5092504948399,-2.0863500000000004,190.16551905042903
YFYGDAFRFSPGPLEFQMYWYWYGFEKIFEWMKYCHPWFFFTFCTIWGLEPQSLYFFVDY,60,0.4166666666666667,3.8784114842616005e-140,22.574700000000004,-2.8403955613358303,96.4295522231249,77.13735745388584,-1.9492470000000002,191.3519671156749
GFLGGVFDYPRYWSFWYKWYPCKGLNIIFMWWSYQPFYNPAGSGVWAIERTNQKYYYVWW,60,0.36666666666666664,1.1859860051701018e-142,14.521999999999998,-1.0201776865624446,75.03209430903487,108.2783392163836,-2.008857,194.80339883885603
YWIGGAFRLQAEFQHEWKWIPCYGWTYMRGSEFHCNNGCFFMWWVYFIYMWYIKFDNMFK,60,0.35,4.950417949926405e-143,21.434700000000003,-4.076744680525561,83.71745098217885,96.32322570729482,-2.0744279999999997,195.3242040089481
YYYQGVFNYNQMFQHRWKLAPPWWINGAAFYFFGQAKFFTWPGWLFAFWWIYYYMRWSFY,60,0.45,1.3277932897329268e-144,18.0286,1.9259584850085496,108.52951214856897,70.9821573044084,-1.985013,197.48121493798592
VPWWGLDNYLQGFQWYWKYAPWHKDNWWRGLPSVCFPGFYFFFFSIWYMYWGFMPDPTFT,60,0.4,1.0755353536747371e-145,15.65820000000001,-1.373969437061592,104.22848155422248,82.33842597092173,-1.871754,198.9793840880826
YWYGGAYYFCCGFKWFQFYWFPYYFEKIAEFFIGSRYYNPAGSKVWAIWRTNQKPYFSFH,60,0.4166666666666667,4.144819565026327e-146,15.850799999999989,0.2184973828121038,97.69624908657386,87.8805174219118,-2.0982719999999997,199.54779189129775
VAWGGFYAVYWGWGLDWMFAWIFYYWVIGFIWWFVRFGWPCMIYSIWGLEWIYLYFFVDY,60,0.45,5.354810548993524e-149,42.01659999999999,-0.0032012249502683665,115.16019624472321,48.115605083162336,-1.776378,203.51282210293527
GYWGGHFDYNAWWNWSWICSAPAYWDYRWYFFKFVRYGRYSYLWTIGEMFFPGPFFKVTA,60,0.4,1.3158672864126944e-155,14.356399999999997,0.5020226877329097,99.33797994542546,100.4688602719252,-2.080389,212.58487390508358
WAYYYYYANVAWNNHTWIWSDPAYINGIAFDFYLFTWYWPFMIYMFWYLESIYFHIKVWE,60,0.4166666666666667,1.0147286963706826e-161,25.073199999999996,-0.6475160833511673,105.75408398447938,92.69104115567865,-1.8955980000000001,220.97521105680684
YWYGGAYRFCCGPCWFFFYWRPYGFEKIAERYYHYDKYFAWPWGLCAFNWIYYSMRWYYY,60,0.4666666666666667,1.162787324674591e-163,12.504300000000004,-3.2125138739360573,108.04144715626283,108.30882767346114,-2.0028960000000002,223.63916495578792
YWEGYAYFLCWMRKFLYSLWYPWWINGIAFYFFGQRKYFYHPREWCYWIWIYVCMRYIFY,60,0.45,4.541724127784991e-165,25.10610000000002,1.5559778773767963,98.106552261796,102.66333043376649,-1.8598319999999997,225.5721285729393
